pocket_id	query_id	source	template_id	template_pocket_id	chain	resi	icode	resn	min_distance_to_mapped_pocket
AI_P1	Tca12g00417.t1_pLDDT=93.8_pTM=0.766	deeppocket_db_basic31	deeppocket_db_basic31	AI_P1	A	37		PHE	0.0
AI_P1	Tca12g00417.t1_pLDDT=93.8_pTM=0.766	deeppocket_db_basic31	deeppocket_db_basic31	AI_P1	A	38		LEU	0.0
AI_P1	Tca12g00417.t1_pLDDT=93.8_pTM=0.766	deeppocket_db_basic31	deeppocket_db_basic31	AI_P1	A	39		PHE	0.0
AI_P1	Tca12g00417.t1_pLDDT=93.8_pTM=0.766	deeppocket_db_basic31	deeppocket_db_basic31	AI_P1	A	40		GLY	0.0
AI_P1	Tca12g00417.t1_pLDDT=93.8_pTM=0.766	deeppocket_db_basic31	deeppocket_db_basic31	AI_P1	A	41		THR	0.0
AI_P1	Tca12g00417.t1_pLDDT=93.8_pTM=0.766	deeppocket_db_basic31	deeppocket_db_basic31	AI_P1	A	42		ALA	0.0
AI_P1	Tca12g00417.t1_pLDDT=93.8_pTM=0.766	deeppocket_db_basic31	deeppocket_db_basic31	AI_P1	A	43		SER	0.0
AI_P1	Tca12g00417.t1_pLDDT=93.8_pTM=0.766	deeppocket_db_basic31	deeppocket_db_basic31	AI_P1	A	44		GLY	0.0
AI_P1	Tca12g00417.t1_pLDDT=93.8_pTM=0.766	deeppocket_db_basic31	deeppocket_db_basic31	AI_P1	A	45		ALA	0.0
AI_P1	Tca12g00417.t1_pLDDT=93.8_pTM=0.766	deeppocket_db_basic31	deeppocket_db_basic31	AI_P1	A	46		TYR	0.0
AI_P1	Tca12g00417.t1_pLDDT=93.8_pTM=0.766	deeppocket_db_basic31	deeppocket_db_basic31	AI_P1	A	47		GLN	0.0
AI_P1	Tca12g00417.t1_pLDDT=93.8_pTM=0.766	deeppocket_db_basic31	deeppocket_db_basic31	AI_P1	A	48		VAL	0.0
AI_P1	Tca12g00417.t1_pLDDT=93.8_pTM=0.766	deeppocket_db_basic31	deeppocket_db_basic31	AI_P1	A	49		GLU	0.0
AI_P1	Tca12g00417.t1_pLDDT=93.8_pTM=0.766	deeppocket_db_basic31	deeppocket_db_basic31	AI_P1	A	50		GLY	0.0
AI_P1	Tca12g00417.t1_pLDDT=93.8_pTM=0.766	deeppocket_db_basic31	deeppocket_db_basic31	AI_P1	A	51		ALA	0.0
AI_P1	Tca12g00417.t1_pLDDT=93.8_pTM=0.766	deeppocket_db_basic31	deeppocket_db_basic31	AI_P1	A	52		ILE	0.0
AI_P1	Tca12g00417.t1_pLDDT=93.8_pTM=0.766	deeppocket_db_basic31	deeppocket_db_basic31	AI_P1	A	53		PHE	0.0
AI_P1	Tca12g00417.t1_pLDDT=93.8_pTM=0.766	deeppocket_db_basic31	deeppocket_db_basic31	AI_P1	A	55		ASP	0.0
AI_P1	Tca12g00417.t1_pLDDT=93.8_pTM=0.766	deeppocket_db_basic31	deeppocket_db_basic31	AI_P1	A	56		GLY	0.0
AI_P1	Tca12g00417.t1_pLDDT=93.8_pTM=0.766	deeppocket_db_basic31	deeppocket_db_basic31	AI_P1	A	57		ARG	0.0
AI_P1	Tca12g00417.t1_pLDDT=93.8_pTM=0.766	deeppocket_db_basic31	deeppocket_db_basic31	AI_P1	A	58		TRP	0.0
AI_P1	Tca12g00417.t1_pLDDT=93.8_pTM=0.766	deeppocket_db_basic31	deeppocket_db_basic31	AI_P1	A	59		PRO	0.0
AI_P1	Tca12g00417.t1_pLDDT=93.8_pTM=0.766	deeppocket_db_basic31	deeppocket_db_basic31	AI_P1	A	60		SER	0.0
AI_P1	Tca12g00417.t1_pLDDT=93.8_pTM=0.766	deeppocket_db_basic31	deeppocket_db_basic31	AI_P1	A	61		ILE	0.0
AI_P1	Tca12g00417.t1_pLDDT=93.8_pTM=0.766	deeppocket_db_basic31	deeppocket_db_basic31	AI_P1	A	62		TRP	0.0
AI_P1	Tca12g00417.t1_pLDDT=93.8_pTM=0.766	deeppocket_db_basic31	deeppocket_db_basic31	AI_P1	A	63		ASP	0.0
AI_P1	Tca12g00417.t1_pLDDT=93.8_pTM=0.766	deeppocket_db_basic31	deeppocket_db_basic31	AI_P1	A	64		THR	0.0
AI_P1	Tca12g00417.t1_pLDDT=93.8_pTM=0.766	deeppocket_db_basic31	deeppocket_db_basic31	AI_P1	A	65		PHE	0.0
AI_P1	Tca12g00417.t1_pLDDT=93.8_pTM=0.766	deeppocket_db_basic31	deeppocket_db_basic31	AI_P1	A	66		SER	0.0
AI_P1	Tca12g00417.t1_pLDDT=93.8_pTM=0.766	deeppocket_db_basic31	deeppocket_db_basic31	AI_P1	A	71		SER	0.0
AI_P1	Tca12g00417.t1_pLDDT=93.8_pTM=0.766	deeppocket_db_basic31	deeppocket_db_basic31	AI_P1	A	77		ASN	0.0
AI_P1	Tca12g00417.t1_pLDDT=93.8_pTM=0.766	deeppocket_db_basic31	deeppocket_db_basic31	AI_P1	A	78		ARG	0.0
AI_P1	Tca12g00417.t1_pLDDT=93.8_pTM=0.766	deeppocket_db_basic31	deeppocket_db_basic31	AI_P1	A	79		ASP	0.0
AI_P1	Tca12g00417.t1_pLDDT=93.8_pTM=0.766	deeppocket_db_basic31	deeppocket_db_basic31	AI_P1	A	80		ILE	0.0
AI_P1	Tca12g00417.t1_pLDDT=93.8_pTM=0.766	deeppocket_db_basic31	deeppocket_db_basic31	AI_P1	A	81		ALA	0.0
AI_P1	Tca12g00417.t1_pLDDT=93.8_pTM=0.766	deeppocket_db_basic31	deeppocket_db_basic31	AI_P1	A	82		ILE	0.0
AI_P1	Tca12g00417.t1_pLDDT=93.8_pTM=0.766	deeppocket_db_basic31	deeppocket_db_basic31	AI_P1	A	83		ASP	0.0
AI_P1	Tca12g00417.t1_pLDDT=93.8_pTM=0.766	deeppocket_db_basic31	deeppocket_db_basic31	AI_P1	A	84		GLN	0.0
AI_P1	Tca12g00417.t1_pLDDT=93.8_pTM=0.766	deeppocket_db_basic31	deeppocket_db_basic31	AI_P1	A	85		TYR	0.0
AI_P1	Tca12g00417.t1_pLDDT=93.8_pTM=0.766	deeppocket_db_basic31	deeppocket_db_basic31	AI_P1	A	86		HIS	0.0
AI_P1	Tca12g00417.t1_pLDDT=93.8_pTM=0.766	deeppocket_db_basic31	deeppocket_db_basic31	AI_P1	A	87		TYR	0.0
AI_P1	Tca12g00417.t1_pLDDT=93.8_pTM=0.766	deeppocket_db_basic31	deeppocket_db_basic31	AI_P1	A	88		TYR	0.0
AI_P1	Tca12g00417.t1_pLDDT=93.8_pTM=0.766	deeppocket_db_basic31	deeppocket_db_basic31	AI_P1	A	89		GLN	0.0
AI_P1	Tca12g00417.t1_pLDDT=93.8_pTM=0.766	deeppocket_db_basic31	deeppocket_db_basic31	AI_P1	A	90		ARG	0.0
AI_P1	Tca12g00417.t1_pLDDT=93.8_pTM=0.766	deeppocket_db_basic31	deeppocket_db_basic31	AI_P1	A	91		ASP	0.0
AI_P1	Tca12g00417.t1_pLDDT=93.8_pTM=0.766	deeppocket_db_basic31	deeppocket_db_basic31	AI_P1	A	92		VAL	0.0
AI_P1	Tca12g00417.t1_pLDDT=93.8_pTM=0.766	deeppocket_db_basic31	deeppocket_db_basic31	AI_P1	A	93		GLU	0.0
AI_P1	Tca12g00417.t1_pLDDT=93.8_pTM=0.766	deeppocket_db_basic31	deeppocket_db_basic31	AI_P1	A	94		MET	0.0
AI_P1	Tca12g00417.t1_pLDDT=93.8_pTM=0.766	deeppocket_db_basic31	deeppocket_db_basic31	AI_P1	A	95		MET	0.0
AI_P1	Tca12g00417.t1_pLDDT=93.8_pTM=0.766	deeppocket_db_basic31	deeppocket_db_basic31	AI_P1	A	96		ALA	0.0
AI_P1	Tca12g00417.t1_pLDDT=93.8_pTM=0.766	deeppocket_db_basic31	deeppocket_db_basic31	AI_P1	A	97		GLU	0.0
AI_P1	Tca12g00417.t1_pLDDT=93.8_pTM=0.766	deeppocket_db_basic31	deeppocket_db_basic31	AI_P1	A	98		ILE	0.0
AI_P1	Tca12g00417.t1_pLDDT=93.8_pTM=0.766	deeppocket_db_basic31	deeppocket_db_basic31	AI_P1	A	99		GLY	0.0
AI_P1	Tca12g00417.t1_pLDDT=93.8_pTM=0.766	deeppocket_db_basic31	deeppocket_db_basic31	AI_P1	A	100		MET	0.0
AI_P1	Tca12g00417.t1_pLDDT=93.8_pTM=0.766	deeppocket_db_basic31	deeppocket_db_basic31	AI_P1	A	101		ASP	0.0
AI_P1	Tca12g00417.t1_pLDDT=93.8_pTM=0.766	deeppocket_db_basic31	deeppocket_db_basic31	AI_P1	A	102		VAL	0.0
AI_P1	Tca12g00417.t1_pLDDT=93.8_pTM=0.766	deeppocket_db_basic31	deeppocket_db_basic31	AI_P1	A	103		TYR	0.0
AI_P1	Tca12g00417.t1_pLDDT=93.8_pTM=0.766	deeppocket_db_basic31	deeppocket_db_basic31	AI_P1	A	104		HIS	0.0
AI_P1	Tca12g00417.t1_pLDDT=93.8_pTM=0.766	deeppocket_db_basic31	deeppocket_db_basic31	AI_P1	A	105		PHE	0.0
AI_P1	Tca12g00417.t1_pLDDT=93.8_pTM=0.766	deeppocket_db_basic31	deeppocket_db_basic31	AI_P1	A	106		SER	0.0
AI_P1	Tca12g00417.t1_pLDDT=93.8_pTM=0.766	deeppocket_db_basic31	deeppocket_db_basic31	AI_P1	A	107		ILE	0.0
AI_P1	Tca12g00417.t1_pLDDT=93.8_pTM=0.766	deeppocket_db_basic31	deeppocket_db_basic31	AI_P1	A	108		SER	0.0
AI_P1	Tca12g00417.t1_pLDDT=93.8_pTM=0.766	deeppocket_db_basic31	deeppocket_db_basic31	AI_P1	A	109		TRP	0.0
AI_P1	Tca12g00417.t1_pLDDT=93.8_pTM=0.766	deeppocket_db_basic31	deeppocket_db_basic31	AI_P1	A	110		SER	0.0
AI_P1	Tca12g00417.t1_pLDDT=93.8_pTM=0.766	deeppocket_db_basic31	deeppocket_db_basic31	AI_P1	A	111		ARG	0.0
AI_P1	Tca12g00417.t1_pLDDT=93.8_pTM=0.766	deeppocket_db_basic31	deeppocket_db_basic31	AI_P1	A	112		LEU	0.0
AI_P1	Tca12g00417.t1_pLDDT=93.8_pTM=0.766	deeppocket_db_basic31	deeppocket_db_basic31	AI_P1	A	113		ILE	0.0
AI_P1	Tca12g00417.t1_pLDDT=93.8_pTM=0.766	deeppocket_db_basic31	deeppocket_db_basic31	AI_P1	A	114		PRO	0.0
AI_P1	Tca12g00417.t1_pLDDT=93.8_pTM=0.766	deeppocket_db_basic31	deeppocket_db_basic31	AI_P1	A	115		GLU	0.0
AI_P1	Tca12g00417.t1_pLDDT=93.8_pTM=0.766	deeppocket_db_basic31	deeppocket_db_basic31	AI_P1	A	116		GLY	0.0
AI_P1	Tca12g00417.t1_pLDDT=93.8_pTM=0.766	deeppocket_db_basic31	deeppocket_db_basic31	AI_P1	A	117		ARG	0.0
AI_P1	Tca12g00417.t1_pLDDT=93.8_pTM=0.766	deeppocket_db_basic31	deeppocket_db_basic31	AI_P1	A	119		PRO	0.0
AI_P1	Tca12g00417.t1_pLDDT=93.8_pTM=0.766	deeppocket_db_basic31	deeppocket_db_basic31	AI_P1	A	120		VAL	0.0
AI_P1	Tca12g00417.t1_pLDDT=93.8_pTM=0.766	deeppocket_db_basic31	deeppocket_db_basic31	AI_P1	A	121		ASN	0.0
AI_P1	Tca12g00417.t1_pLDDT=93.8_pTM=0.766	deeppocket_db_basic31	deeppocket_db_basic31	AI_P1	A	122		HIS	0.0
AI_P1	Tca12g00417.t1_pLDDT=93.8_pTM=0.766	deeppocket_db_basic31	deeppocket_db_basic31	AI_P1	A	123		GLY	0.0
AI_P1	Tca12g00417.t1_pLDDT=93.8_pTM=0.766	deeppocket_db_basic31	deeppocket_db_basic31	AI_P1	A	124		GLY	0.0
AI_P1	Tca12g00417.t1_pLDDT=93.8_pTM=0.766	deeppocket_db_basic31	deeppocket_db_basic31	AI_P1	A	125		VAL	0.0
AI_P1	Tca12g00417.t1_pLDDT=93.8_pTM=0.766	deeppocket_db_basic31	deeppocket_db_basic31	AI_P1	A	126		GLU	0.0
AI_P1	Tca12g00417.t1_pLDDT=93.8_pTM=0.766	deeppocket_db_basic31	deeppocket_db_basic31	AI_P1	A	127		TYR	0.0
AI_P1	Tca12g00417.t1_pLDDT=93.8_pTM=0.766	deeppocket_db_basic31	deeppocket_db_basic31	AI_P1	A	128		TYR	0.0
AI_P1	Tca12g00417.t1_pLDDT=93.8_pTM=0.766	deeppocket_db_basic31	deeppocket_db_basic31	AI_P1	A	129		ASN	0.0
AI_P1	Tca12g00417.t1_pLDDT=93.8_pTM=0.766	deeppocket_db_basic31	deeppocket_db_basic31	AI_P1	A	130		ASN	0.0
AI_P1	Tca12g00417.t1_pLDDT=93.8_pTM=0.766	deeppocket_db_basic31	deeppocket_db_basic31	AI_P1	A	131		LEU	0.0
AI_P1	Tca12g00417.t1_pLDDT=93.8_pTM=0.766	deeppocket_db_basic31	deeppocket_db_basic31	AI_P1	A	132		ILE	0.0
AI_P1	Tca12g00417.t1_pLDDT=93.8_pTM=0.766	deeppocket_db_basic31	deeppocket_db_basic31	AI_P1	A	134		ALA	0.0
AI_P1	Tca12g00417.t1_pLDDT=93.8_pTM=0.766	deeppocket_db_basic31	deeppocket_db_basic31	AI_P1	A	135		LEU	0.0
AI_P1	Tca12g00417.t1_pLDDT=93.8_pTM=0.766	deeppocket_db_basic31	deeppocket_db_basic31	AI_P1	A	136		LEU	0.0
AI_P1	Tca12g00417.t1_pLDDT=93.8_pTM=0.766	deeppocket_db_basic31	deeppocket_db_basic31	AI_P1	A	137		LYS	0.0
AI_P1	Tca12g00417.t1_pLDDT=93.8_pTM=0.766	deeppocket_db_basic31	deeppocket_db_basic31	AI_P1	A	138		HIS	0.0
AI_P1	Tca12g00417.t1_pLDDT=93.8_pTM=0.766	deeppocket_db_basic31	deeppocket_db_basic31	AI_P1	A	139		GLY	0.0
AI_P1	Tca12g00417.t1_pLDDT=93.8_pTM=0.766	deeppocket_db_basic31	deeppocket_db_basic31	AI_P1	A	140		ILE	0.0
AI_P1	Tca12g00417.t1_pLDDT=93.8_pTM=0.766	deeppocket_db_basic31	deeppocket_db_basic31	AI_P1	A	141		GLN	0.0
